,min,max,mean,median,stand-dev,variance,skewness,kurtosis
10,3.13926,3.143936,3.1413244,3.1408560000000003,0.0016828456851416128,2.831969599999744e-06,0.4183084074326037,-1.4428651372524595
50,3.137464,3.144812,3.1416341600000006,3.142026,0.0017425851235027374,3.036602912653051e-06,-0.44615360403915655,-0.37517371816733514
100,3.13792,3.145588,3.1417515999999996,3.1418280000000003,0.0015935461250071409,2.5393892525252745e-06,0.2593160227655695,-0.30956364910770073
