pi-val,count
3.130434782608696,1
3.135135135135135,1
3.142857142857143,4
