pi-val,count
3.1219512195122,1
3.125,3
3.1304347826087,6
3.13513513513513,1
3.14285714285714,35
