pi-val,count
3.125,1
3.130434782608696,5
3.135135135135135,2
3.142857142857143,30
