pi-val,count
3.1219512195121952,1
3.125,1
3.130434782608696,13
3.142857142857143,38
