pi-val,count
3.1219512195121952,2
3.125,1
3.130434782608696,10
3.135135135135135,4
3.142857142857143,38
