pi-val,count
3.1219512195121952,6
3.125,18
3.130434782608696,72
3.135135135135135,14
3.142857142857143,358
3.148936170212766,1
