pi-val,count
3.12,1
3.1219512195122,5
3.125,24
3.12727272727273,1
3.1304347826087,69
3.13513513513513,9
3.14285714285714,342
