pi-val,count
3.12,2
3.1219512195121952,5
3.125,16
3.1272727272727274,1
3.130434782608696,71
3.135135135135135,6
3.1372549019607843,1
3.142857142857143,331
