pi-val,count
3.1219512195121952,7
3.125,19
3.130434782608696,92
3.135135135135135,8
3.142857142857143,370
