pi-val,count
3.130434782608696,1
3.142857142857143,3
