pi-val,count
3.1219512195121952,1
3.125,1
3.130434782608696,7
3.135135135135135,1
3.142857142857143,41
