pi-val,count
3.130434782608696,6
3.142857142857143,37
