pi-val,count
3.125,3
3.130434782608696,2
3.142857142857143,34
