pi-val,count
3.1219512195121952,1
3.125,2
3.130434782608696,8
3.142857142857143,42
